{"cameraMode":{"drawMode":0,"name":"Shaded","section":"Shading Mode"},"sceneLighting":false,"audioPlay":false,"sceneViewState":{"m_AlwaysRefresh":false,"showFog":false,"showSkybox":false,"showFlares":false,"showImageEffects":false,"showParticleSystems":false,"showVisualEffectGraphs":true,"m_FxEnabled":true},"in2DMode":false,"pivot":{"x":-7.152557373046875e-7,"y":0.7935000658035278,"z":-0.013248264789581299},"rotation":{"x":-0.005506919231265783,"y":0.9829096794128418,"z":-0.02980063483119011,"w":-0.18160150945186616},"size":2.1702933311462404,"orthographic":false}